{
  "project_info": {
    "project_number": "263881753212",
    "project_id": "incremental-game-c7c54",
    "storage_bucket": "incremental-game-c7c54.appspot.com"
  },
  "client": [
    {
      "client_info": {
        "mobilesdk_app_id": "1:263881753212:android:76398fad203b7498ee7ff9",
        "android_client_info": {
          "package_name": "com.sidilo.incrementalgame"
        }
      },
      "oauth_client": [
        {
          "client_id": "263881753212-g3o62eb03ccjcr98305f6p57gi3cp0tv.apps.googleusercontent.com",
          "client_type": 3
        }
      ],
      "api_key": [
        {
          "current_key": "AIzaSyDif_Z9z-ttqqB5XgBuzYiAAkcPX0QfUGM"
        }
      ],
      "services": {
        "appinvite_service": {
          "other_platform_oauth_client": [
            {
              "client_id": "263881753212-g3o62eb03ccjcr98305f6p57gi3cp0tv.apps.googleusercontent.com",
              "client_type": 3
            }
          ]
        }
      }
    }
  ],
  "configuration_version": "1"
}